{
  "Warning": "Warnen",
  "Checks": "Überprüfen",
  "Disable": "Deaktivieren",
  "Enable": "Aktivieren",
  "None": "Nichts",
  "Minimal": "Мinimal",
  "Default": "Standard",
  "Never": "Niemals",
  "Hide": "Ausblenden",
  "Show": "Anzeigen",
  "ThisPC": "Dieser PC",
  "QuickAccess": "Schnellzugriff",
  "Detailed": "Ausführlich",
  "Compact": "Kompakt",
  "Expanded": "Erweitert",
  "Minimized": "Minimiert",
  "SearchIcon": "Suchsymbol",
  "SearchBox": "Suchbox",
  "LargeIcons": "Große Symbole",
  "SmallIcons": "Kleine Symbole",
  "Category": "Kategorie",
  "Dark": "Dunkel",
  "Light": "Hell",
  "Max": "Maximal",
  "Uninstall": "Deinstallieren",
  "Install": "Installieren",
  "Month": "Monat",
  "SystemDrive": "Systemlaufwerk",
  "High": "Hoch",
  "Balanced": "Ausgewogen",
  "English": "Englisch",
  "Root": "Root",
  "Custom": "Benutzerdefiniert",
  "Desktop": "Desktop",
  "Automatically": "Automatisch",
  "Manually": "Manuell",
  "Elevated": "Erhöht",
  "NonElevated": "Nicht erhöht",
  "Register": "Registrieren",
  "Delete": "Löschen",
  "Left": "Links",
  "Center": "Zentriert",
  "WindowsTerminal": "Windows-Terminal",
  "ConsoleHost": "Konsolenhost",
  "Channels": "Kanäle"
}
