[
    {
        "Id":  100,
        "Region":  "Protection",
        "Function":  "Checks",
        "Arg":  {
                    "Zero":  {
                                 "Tag":  "Warning",
                                 "ToolTip":  "The mandatory Checks. If you want to disable a warning message about whether the preset file was customized, remove the \"-Warning\" argument."
                             },
                    "One":  {
                                "Tag":  "",
                                "ToolTip":  "The mandatory Checks. No argument therefore no warning message about whether you've customized the preset file."
                            }
                }
    },
    {
        "Id":  101,
        "Region":  "Protection",
        "Function":  "Logging",
        "Arg":  {
                    "Zero":  {
                                 "Tag":  "",
                                 "ToolTip":  "Enable script logging. Log will be recorded into the script folder. To stop logging just close the console or type \"Stop-Transcript\"."
                             }
                }
    },
    {
        "Id":  102,
        "Region":  "Protection",
        "Function":  "CreateRestorePoint",
        "Arg":  {
                    "Zero":  {
                                 "Tag":  "",
                                 "ToolTip":  "Create a restore point."
                             }
                }
    },
    {
        "Id":  200,
        "Region":  "Privacy & Telemetry",
        "Function":  "DiagTrackService",
        "Arg":  {
                    "Zero":  {
                                 "Tag":  "Disable",
                                 "ToolTip":  "Disable the \"Connected User Experiences and Telemetry\" service (DiagTrack), and block the connection for the Unified Telemetry Client Outbound Traffic. Disabling the \"Connected User Experiences and Telemetry\" service (DiagTrack) can cause you not being able to get Xbox achievements anymore and affects Feedback Hub and affects Feedback Hub."
                             },
                    "One":  {
                                "Tag":  "Enable",
                                "ToolTip":  "Enable the \"Connected User Experiences and Telemetry\" service (DiagTrack), and allow the connection for the Unified Telemetry Client Outbound Traffic (default value)."
                            }
                }
    },
    {
        "Id":  201,
        "Region":  "Privacy & Telemetry",
        "Function":  "DiagnosticDataLevel",
        "Arg":  {
                    "Zero":  {
                                 "Tag":  "Minimal",
                                 "ToolTip":  "Set the diagnostic data collection to minimum."
                             },
                    "One":  {
                                "Tag":  "Default",
                                "ToolTip":  "Set the diagnostic data collection to default (default value)."
                            }
                }
    },
    {
        "Id":  202,
        "Region":  "Privacy & Telemetry",
        "Function":  "ErrorReporting",
        "Arg":  {
                    "Zero":  {
                                 "Tag":  "Disable",
                                 "ToolTip":  "Turn off the Windows Error Reporting."
                             },
                    "One":  {
                                "Tag":  "Enable",
                                "ToolTip":  "Turn on the Windows Error Reporting (default value)."
                            }
                }
    },
    {
        "Id":  203,
        "Region":  "Privacy & Telemetry",
        "Function":  "FeedbackFrequency",
        "Arg":  {
                    "Zero":  {
                                 "Tag":  "Never",
                                 "ToolTip":  "Change the feedback frequency to \"Never\"."
                             },
                    "One":  {
                                "Tag":  "Automatically",
                                "ToolTip":  "Change the feedback frequency to \"Automatically\" (default value)."
                            }
                }
    },
    {
        "Id":  204,
        "Region":  "Privacy & Telemetry",
        "Function":  "ScheduledTasks",
        "Arg":  {
                    "Zero":  {
                                 "Tag":  "Disable",
                                 "ToolTip":  "Turn off the diagnostics tracking scheduled tasks."
                             },
                    "One":  {
                                "Tag":  "Enable",
                                "ToolTip":  "Turn on the diagnostics tracking scheduled tasks (default value)."
                            }
                }
    },
    {
        "Id":  205,
        "Region":  "Privacy & Telemetry",
        "Function":  "SigninInfo",
        "Arg":  {
                    "Zero":  {
                                 "Tag":  "Disable",
                                 "ToolTip":  "Do not use sign-in info to automatically finish setting up device after an update."
                             },
                    "One":  {
                                "Tag":  "Enable",
                                "ToolTip":  "Use sign-in info to automatically finish setting up device after an update (default value)."
                            }
                }
    },
    {
        "Id":  206,
        "Region":  "Privacy & Telemetry",
        "Function":  "LanguageListAccess",
        "Arg":  {
                    "Zero":  {
                                 "Tag":  "Disable",
                                 "ToolTip":  "Do not let websites provide locally relevant content by accessing language list."
                             },
                    "One":  {
                                "Tag":  "Enable",
                                "ToolTip":  "Let websites provide locally relevant content by accessing language list (default value)."
                            }
                }
    },
    {
        "Id":  207,
        "Region":  "Privacy & Telemetry",
        "Function":  "AdvertisingID",
        "Arg":  {
                    "Zero":  {
                                 "Tag":  "Disable",
                                 "ToolTip":  "Do not allow apps to use advertising ID."
                             },
                    "One":  {
                                "Tag":  "Enable",
                                "ToolTip":  "Allow apps to use advertising ID (default value)."
                            }
                }
    },
    {
        "Id":  208,
        "Region":  "Privacy & Telemetry",
        "Function":  "WindowsWelcomeExperience",
        "Arg":  {
                    "Zero":  {
                                 "Tag":  "Hide",
                                 "ToolTip":  "Hide the Windows welcome experiences after updates and occasionally when I sign in to highlight what's new and suggested."
                             },
                    "One":  {
                                "Tag":  "Show",
                                "ToolTip":  "Show the Windows welcome experiences after updates and occasionally when I sign in to highlight what's new and suggested (default value)."
                            }
                }
    },
    {
        "Id":  209,
        "Region":  "Privacy & Telemetry",
        "Function":  "WindowsTips",
        "Arg":  {
                    "Zero":  {
                                 "Tag":  "Enable",
                                 "ToolTip":  "Get tips and suggestions when I use Windows (default value)."
                             },
                    "One":  {
                                "Tag":  "Disable",
                                "ToolTip":  "Do not get tips and suggestions when I use Windows."
                            }
                }
    },
    {
        "Id":  210,
        "Region":  "Privacy & Telemetry",
        "Function":  "SettingsSuggestedContent",
        "Arg":  {
                    "Zero":  {
                                 "Tag":  "Hide",
                                 "ToolTip":  "Hide from me suggested content in the Settings app."
                             },
                    "One":  {
                                "Tag":  "Show",
                                "ToolTip":  "Show me suggested content in the Settings app (default value)."
                            }
                }
    },
    {
        "Id":  211,
        "Region":  "Privacy & Telemetry",
        "Function":  "AppsSilentInstalling",
        "Arg":  {
                    "Zero":  {
                                 "Tag":  "Disable",
                                 "ToolTip":  "Turn off automatic installing suggested apps."
                             },
                    "One":  {
                                "Tag":  "Enable",
                                "ToolTip":  "Turn on automatic installing suggested apps (default value)."
                            }
                }
    },
    {
        "Id":  212,
        "Region":  "Privacy & Telemetry",
        "Function":  "WhatsNewInWindows",
        "Arg":  {
                    "Zero":  {
                                 "Tag":  "Disable",
                                 "ToolTip":  "Do not suggest ways I can finish setting up my device to get the most out of Windows."
                             },
                    "One":  {
                                "Tag":  "Enable",
                                "ToolTip":  "Suggest ways I can finish setting up my device to get the most out of Windows (default value)."
                            }
                }
    },
    {
        "Id":  213,
        "Region":  "Privacy & Telemetry",
        "Function":  "TailoredExperiences",
        "Arg":  {
                    "Zero":  {
                                 "Tag":  "Disable",
                                 "ToolTip":  "Do not let Microsoft offer you tailored experiences based on the diagnostic data setting you hava chosen."
                             },
                    "One":  {
                                "Tag":  "Enable",
                                "ToolTip":  "Let Microsoft offer you tailored experiences based on the diagnostic data setting you hava chosen (default value)."
                            }
                }
    },
    {
        "Id":  214,
        "Region":  "Privacy & Telemetry",
        "Function":  "BingSearch",
        "Arg":  {
                    "Zero":  {
                                 "Tag":  "Disable",
                                 "ToolTip":  "Disable Bing search in the Start Menu."
                             },
                    "One":  {
                                "Tag":  "Enable",
                                "ToolTip":  "Enable Bing search in the Start Menu (default value)."
                            }
                }
    },
    {
        "Id":  215,
        "Region":  "Privacy & Telemetry",
        "Function":  "BrowsingHistory",
        "Arg":  {
                    "Zero":  {
                                 "Tag":  "Hide",
                                 "ToolTip":  "Do not show websites from your browsing history in the Start menu."
                             },
                    "One":  {
                                "Tag":  "Show",
                                "ToolTip":  "Show websites from your browsing history in the Start menu (default value)."
                            }
                }
    },
    {
        "Id":  300,
        "Region":  "UI & Personalization",
        "Function":  "ThisPC",
        "Arg":  {
                    "Zero":  {
                                 "Tag":  "Show",
                                 "ToolTip":  "Show the \"This PC\" icon on Desktop."
                             },
                    "One":  {
                                "Tag":  "Hide",
                                "ToolTip":  "Hide the \"This PC\" icon on Desktop (default value)."
                            }
                }
    },
    {
        "Id":  301,
        "Region":  "UI & Personalization",
        "Function":  "CheckBoxes",
        "Arg":  {
                    "Zero":  {
                                 "Tag":  "Disable",
                                 "ToolTip":  "Do not use item check boxes."
                             },
                    "One":  {
                                "Tag":  "Enable",
                                "ToolTip":  "Use check item check boxes (default value)."
                            }
                }
    },
    {
        "Id":  302,
        "Region":  "UI & Personalization",
        "Function":  "HiddenItems",
        "Arg":  {
                    "Zero":  {
                                 "Tag":  "Enable",
                                 "ToolTip":  "Show hidden files, folders, and drives."
                             },
                    "One":  {
                                "Tag":  "Disable",
                                "ToolTip":  "Do not show hidden files, folders, and drives (default value)."
                            }
                }
    },
    {
        "Id":  303,
        "Region":  "UI & Personalization",
        "Function":  "FileExtensions",
        "Arg":  {
                    "Zero":  {
                                 "Tag":  "Show",
                                 "ToolTip":  "Show file name extensions."
                             },
                    "One":  {
                                "Tag":  "Hide",
                                "ToolTip":  "Hide file name extensions (default value)."
                            }
                }
    },
    {
        "Id":  304,
        "Region":  "UI & Personalization",
        "Function":  "MergeConflicts",
        "Arg":  {
                    "Zero":  {
                                 "Tag":  "Show",
                                 "ToolTip":  "Show folder merge conflicts."
                             },
                    "One":  {
                                "Tag":  "Hide",
                                "ToolTip":  "Hide folder merge conflicts (default value)."
                            }
                }
    },
    {
        "Id":  305,
        "Region":  "UI & Personalization",
        "Function":  "OpenFileExplorerTo",
        "Arg":  {
                    "Zero":  {
                                 "Tag":  "ThisPC",
                                 "ToolTip":  "Open File Explorer to \"This PC\"."
                             },
                    "One":  {
                                "Tag":  "QuickAccess",
                                "ToolTip":  "Open File Explorer to Quick access (default value)."
                            }
                }
    },
    {
        "Id":  306,
        "Region":  "UI & Personalization",
        "Function":  "FileExplorerCompactMode",
        "Arg":  {
                    "Zero":  {
                                 "Tag":  "Disable",
                                 "ToolTip":  "Disable the File Explorer compact mode."
                             },
                    "One":  {
                                "Tag":  "Enable",
                                "ToolTip":  "Enable the File Explorer compact mode (default value)."
                            }
                }
    },
    {
        "Id":  307,
        "Region":  "UI & Personalization",
        "Function":  "OneDriveFileExplorerAd",
        "Arg":  {
                    "Zero":  {
                                 "Tag":  "Hide",
                                 "ToolTip":  "Do not show sync provider notification within File Explorer."
                             },
                    "One":  {
                                "Tag":  "Show",
                                "ToolTip":  "Show sync provider notification within File Explorer (default value)."
                            }
                }
    },
    {
        "Id":  308,
        "Region":  "UI & Personalization",
        "Function":  "SnapAssist",
        "Arg":  {
                    "Zero":  {
                                 "Tag":  "Disable",
                                 "ToolTip":  "When I snap a window, do not show what I can snap next to it."
                             },
                    "One":  {
                                "Tag":  "Enable",
                                "ToolTip":  "When I snap a window, show what I can snap next to it (default value)."
                            }
                }
    },
    {
        "Id":  309,
        "Region":  "UI & Personalization",
        "Function":  "FileTransferDialog",
        "Arg":  {
                    "Zero":  {
                                 "Tag":  "Detailed",
                                 "ToolTip":  "Show the file transfer dialog box in the detailed mode."
                             },
                    "One":  {
                                "Tag":  "Compact",
                                "ToolTip":  "Show the file transfer dialog box in the compact mode (default value)."
                            }
                }
    },
    {
        "Id":  310,
        "Region":  "UI & Personalization",
        "Function":  "RecycleBinDeleteConfirmation",
        "Arg":  {
                    "Zero":  {
                                 "Tag":  "Enable",
                                 "ToolTip":  "Display the recycle bin files delete confirmation."
                             },
                    "One":  {
                                "Tag":  "Disable",
                                "ToolTip":  "Do not display the recycle bin files delete confirmation (default value)."
                            }
                }
    },
    {
        "Id":  311,
        "Region":  "UI & Personalization",
        "Function":  "QuickAccessRecentFiles",
        "Arg":  {
                    "Zero":  {
                                 "Tag":  "Hide",
                                 "ToolTip":  "Hide frequently used files in Quick access."
                             },
                    "One":  {
                                "Tag":  "Show",
                                "ToolTip":  "Show recently used files in Quick access (default value)."
                            }
                }
    },
    {
        "Id":  312,
        "Region":  "UI & Personalization",
        "Function":  "QuickAccessFrequentFolders",
        "Arg":  {
                    "Zero":  {
                                 "Tag":  "Hide",
                                 "ToolTip":  "Hide frequently used folders in Quick access."
                             },
                    "One":  {
                                "Tag":  "Show",
                                "ToolTip":  "Show frequently used folders in Quick access (default value)."
                            }
                }
    },
    {
        "Id":  313,
        "Region":  "UI & Personalization",
        "Function":  "TaskbarAlignment",
        "Arg":  {
                    "Zero":  {
                                 "Tag":  "Left",
                                 "ToolTip":  "Set the taskbar alignment to the left."
                             },
                    "One":  {
                                "Tag":  "Center",
                                "ToolTip":  "Set the taskbar alignment to the center (default value)."
                            }
                }
    },
    {
        "Id":  314,
        "Region":  "UI & Personalization",
        "Function":  "TaskbarWidgets",
        "Arg":  {
                    "Zero":  {
                                 "Tag":  "Hide",
                                 "ToolTip":  "Hide the widgets icon on the taskbar."
                             },
                    "One":  {
                                "Tag":  "Show",
                                "ToolTip":  "Show the widgets icon on the taskbar (default value)."
                            }
                }
    },
    {
        "Id":  315,
        "Region":  "UI & Personalization",
        "Function":  "TaskbarSearch",
        "Arg":  {
                    "Zero":  {
                                 "Tag":  "Hide",
                                 "ToolTip":  "Hide the search button from the taskbar."
                             },
                    "One":  {
                                "Tag":  "SearchIcon",
                                "ToolTip":  "Show the search icon on the taskbar."
                            },
                    "Two":  {
                                "Tag":  "SearchIconLabel",
                                "ToolTip":  "Show the search icon and label on the taskbar."
                            },
                    "Three":  {
                                  "Tag":  "SearchBox",
                                  "ToolTip":  "Show the search box on the taskbar (default value)."
                              }
                }
    },
    {
        "Id":  316,
        "Region":  "UI & Personalization",
        "Function":  "TaskViewButton",
        "Arg":  {
                    "Zero":  {
                                 "Tag":  "Hide",
                                 "ToolTip":  "Hide the Task View button on the taskbar."
                             },
                    "One":  {
                                "Tag":  "Show",
                                "ToolTip":  "Show the Task View button on the taskbar (default value)."
                            }
                }
    },
    {
        "Id":  317,
        "Region":  "UI & Personalization",
        "Function":  "TaskbarChat",
        "Arg":  {
                    "Zero":  {
                                 "Tag":  "Hide",
                                 "ToolTip":  "Hide the Chat icon (Microsoft Teams) on the taskbar and prevent Microsoft Teams from installing for new users."
                             },
                    "One":  {
                                "Tag":  "Show",
                                "ToolTip":  "Show the Chat icon (Microsoft Teams) on the taskbar and remove block from installing Microsoft Teams for new users (default value)."
                            }
                }
    },
    {
        "Id":  318,
        "Region":  "UI & Personalization",
        "Function":  "SecondsInSystemClock",
        "Arg":  {
                    "Zero":  {
                                 "Tag":  "Show",
                                 "ToolTip":  "Show seconds on the taskbar clock."
                             },
                    "One":  {
                                "Tag":  "Hide",
                                "ToolTip":  "Hide seconds on the taskbar clock (default value)."
                            }
                }
    },
    {
        "Id":  319,
        "Region":  "UI & Personalization",
        "Function":  "UnpinTaskbarShortcuts -Shortcuts",
        "ToolTip":  "Unpin the \"Microsoft Edge\" and \"Microsoft Store\" shortcuts from the taskbar",
        "Arg":  {
                    "Zero":  {
                                 "Tag":  "Edge",
                                 "ToolTip":  "Unpin the \"Microsoft Edge\" shortcut from the taskbar."
                             },
                    "One":  {
                                "Tag":  "Store",
                                "ToolTip":  "Unpin the \"Microsoft Store\" shortcut from the taskbar."
                            }
                }
    },
    {
        "Id":  320,
        "Region":  "UI & Personalization",
        "Function":  "ControlPanelView",
        "Arg":  {
                    "Zero":  {
                                 "Tag":  "LargeIcons",
                                 "ToolTip":  "View the Control Panel icons by large icons."
                             },
                    "One":  {
                                "Tag":  "SmallIcons",
                                "ToolTip":  "View the Control Panel icons by small icons."
                            },
                    "Two":  {
                                "Tag":  "Category",
                                "ToolTip":  "View the Control Panel icons by category (default value)."
                            }
                }
    },
    {
        "Id":  321,
        "Region":  "UI & Personalization",
        "Function":  "WindowsColorMode",
        "Arg":  {
                    "Zero":  {
                                 "Tag":  "Dark",
                                 "ToolTip":  "Set the default Windows mode to dark."
                             },
                    "One":  {
                                "Tag":  "Light",
                                "ToolTip":  "Set the default Windows mode to light (default value)."
                            }
                }
    },
    {
        "Id":  322,
        "Region":  "UI & Personalization",
        "Function":  "AppColorMode",
        "Arg":  {
                    "Zero":  {
                                 "Tag":  "Dark",
                                 "ToolTip":  "Set the default app mode to dark."
                             },
                    "One":  {
                                "Tag":  "Light",
                                "ToolTip":  "Set the default app mode to light (default value)."
                            }
                }
    },
    {
        "Id":  323,
        "Region":  "UI & Personalization",
        "Function":  "FirstLogonAnimation",
        "Arg":  {
                    "Zero":  {
                                 "Tag":  "Disable",
                                 "ToolTip":  "Hide user first sign-in animation after the upgrade."
                             },
                    "One":  {
                                "Tag":  "Enable",
                                "ToolTip":  "Show user first sign-in animation after the upgrade (default value)."
                            }
                }
    },
    {
        "Id":  324,
        "Region":  "UI & Personalization",
        "Function":  "JPEGWallpapersQuality",
        "Arg":  {
                    "Zero":  {
                                 "Tag":  "Max",
                                 "ToolTip":  "Set the quality factor of the JPEG desktop wallpapers to maximum."
                             },
                    "One":  {
                                "Tag":  "Default",
                                "ToolTip":  "Set the quality factor of the JPEG desktop wallpapers to default (default value)."
                            }
                }
    },
    {
        "Id":  325,
        "Region":  "UI & Personalization",
        "Function":  "ShortcutsSuffix",
        "Arg":  {
                    "Zero":  {
                                 "Tag":  "Disable",
                                 "ToolTip":  "Do not add the \"- Shortcut\" suffix to the file name of created shortcuts."
                             },
                    "One":  {
                                "Tag":  "Enable",
                                "ToolTip":  "Add the \"- Shortcut\" suffix to the file name of created shortcuts (default value)."
                            }
                }
    },
    {
        "Id":  326,
        "Region":  "UI & Personalization",
        "Function":  "PrtScnSnippingTool",
        "Arg":  {
                    "Zero":  {
                                 "Tag":  "Enable",
                                 "ToolTip":  "Use the Print screen button to open screen snipping."
                             },
                    "One":  {
                                "Tag":  "Disable",
                                "ToolTip":  "Do not use the Print screen button to open screen snipping (default value)."
                            }
                }
    },
    {
        "Id":  327,
        "Region":  "UI & Personalization",
        "Function":  "AppsLanguageSwitch",
        "Arg":  {
                    "Zero":  {
                                 "Tag":  "Disable",
                                 "ToolTip":  "Do not use a different input method for each app window (default value)."
                             },
                    "One":  {
                                "Tag":  "Enable",
                                "ToolTip":  "Let me use a different input method for each app window."
                            }
                }
    },
    {
        "Id":  328,
        "Region":  "UI & Personalization",
        "Function":  "AeroShaking",
        "Arg":  {
                    "Zero":  {
                                 "Tag":  "Enable",
                                 "ToolTip":  "When I grab a windows's title bar and shake it, minimize all other windows."
                             },
                    "One":  {
                                "Tag":  "Disable",
                                "ToolTip":  "When I grab a windows's title bar and shake it, don't minimize all other windows (default value)."
                            }
                }
    },
    {
        "Id":  329,
        "Region":  "UI & Personalization",
        "Function":  "Cursors",
        "Arg":  {
                    "Zero":  {
                                 "Tag":  "Default",
                                 "ToolTip":  "Set default cursors."
                             },
                    "One":  {
                                "Tag":  "Light",
                                "ToolTip":  "Download and install free light \"Windows 11 Cursors Concept v2\" cursors from Jepri Creations."
                            },
                    "Two":  {
                                "Tag":  "Dark",
                                "ToolTip":  "Download and install free dark \"Windows 11 Cursors Concept v2\" cursors from Jepri Creations."
                            }
                }
    },
    {
        "Id":  330,
        "Region":  "UI & Personalization",
        "Function":  "FolderGroupBy",
        "Arg":  {
                    "Zero":  {
                                 "Tag":  "None",
                                 "ToolTip":  "Do not group files and folder in the Downloads folder."
                             },
                    "One":  {
                                "Tag":  "Default",
                                "ToolTip":  "Group files and folder by date modified in the Downloads folder."
                            }
                }
    },
    {
        "Id":  331,
        "Region":  "UI & Personalization",
        "Function":  "NavigationPaneExpand",
        "Arg":  {
                    "Zero":  {
                                 "Tag":  "Disable",
                                 "ToolTip":  "Do not expand to open folder on navigation pane (default value)."
                             },
                    "One":  {
                                "Tag":  "Enable",
                                "ToolTip":  "Expand to open folder on navigation pane."
                            }
                }
    },
    {
        "Id":  400,
        "Region":  "OneDrive",
        "Function":  "OneDrive",
        "Arg":  {
                    "Zero":  {
                                 "Tag":  "Uninstall",
                                 "ToolTip":  "Uninstall OneDrive. The OneDrive user folder won't be removed."
                             },
                    "One":  {
                                "Tag":  "Install",
                                "ToolTip":  "Install OneDrive 64-bit."
                            }
                }
    },
    {
        "Id":  401,
        "Region":  "OneDrive",
        "Function":  "OneDrive -AllUsers",
        "Arg":  {
                    "Zero":  {
                                 "Tag":  "",
                                 "ToolTip":  "Install OneDrive 64-bit all users to %ProgramFiles% depending which installer is triggered."
                             }
                }
    },
    {
        "Id":  500,
        "Region":  "System",
        "Function":  "StorageSense",
        "Arg":  {
                    "Zero":  {
                                 "Tag":  "Enable",
                                 "ToolTip":  "Turn on Storage Sense."
                             },
                    "One":  {
                                "Tag":  "Disable",
                                "ToolTip":  "Turn off Storage Sense (default value)."
                            }
                }
    },
    {
        "Id":  501,
        "Region":  "System",
        "Function":  "StorageSenseFrequency",
        "Arg":  {
                    "Zero":  {
                                 "Tag":  "Month",
                                 "ToolTip":  "Run Storage Sense every month."
                             },
                    "One":  {
                                "Tag":  "Default",
                                "ToolTip":  "Run Storage Sense during low free disk space (default value)."
                            }
                }
    },
    {
        "Id":  502,
        "Region":  "System",
        "Function":  "StorageSenseTempFiles",
        "Arg":  {
                    "Zero":  {
                                 "Tag":  "Enable",
                                 "ToolTip":  "Delete temporary files that apps aren't using (default value)."
                             },
                    "One":  {
                                "Tag":  "Disable",
                                "ToolTip":  "Do not delete temporary files that apps aren't using."
                            }
                }
    },
    {
        "Id":  503,
        "Region":  "System",
        "Function":  "Hibernation",
        "Arg":  {
                    "Zero":  {
                                 "Tag":  "Disable",
                                 "ToolTip":  "Disable hibernation. It isn't recommended to turn off for laptops."
                             },
                    "One":  {
                                "Tag":  "Enable",
                                "ToolTip":  "Enable hibernate (default value)."
                            }
                }
    },
    {
        "Id":  504,
        "Region":  "System",
        "Function":  "TempFolder",
        "Arg":  {
                    "Zero":  {
                                 "Tag":  "SystemDrive",
                                 "ToolTip":  "Change the %TEMP% environment variable path to %SystemDrive%\\Temp."
                             },
                    "One":  {
                                "Tag":  "Default",
                                "ToolTip":  "Change %TEMP% environment variable path to %LOCALAPPDATA%\\Temp (default value)."
                            }
                }
    },
    {
        "Id":  505,
        "Region":  "System",
        "Function":  "Win32LongPathLimit",
        "Arg":  {
                    "Zero":  {
                                 "Tag":  "Disable",
                                 "ToolTip":  "Disable the Windows 260 characters path limit."
                             },
                    "One":  {
                                "Tag":  "Enable",
                                "ToolTip":  "Enable the Windows 260 character path limit (default value)."
                            }
                }
    },
    {
        "Id":  506,
        "Region":  "System",
        "Function":  "BSoDStopError",
        "Arg":  {
                    "Zero":  {
                                 "Tag":  "Enable",
                                 "ToolTip":  "Display Stop error code when BSoD occurs."
                             },
                    "One":  {
                                "Tag":  "Disable",
                                "ToolTip":  "Do not Stop error code when BSoD occurs (default value)."
                            }
                }
    },
    {
        "Id":  507,
        "Region":  "System",
        "Function":  "AdminApprovalMode",
        "Arg":  {
                    "Zero":  {
                                 "Tag":  "Never",
                                 "ToolTip":  "Choose when to be notified about changes to your computer: never notify."
                             },
                    "One":  {
                                "Tag":  "Default",
                                "ToolTip":  "Choose when to be notified about changes to your computer: notify me only when apps try to make changes to my computer (default value)."
                            }
                }
    },
    {
        "Id":  508,
        "Region":  "System",
        "Function":  "MappedDrivesAppElevatedAccess",
        "Arg":  {
                    "Zero":  {
                                 "Tag":  "Enable",
                                 "ToolTip":  "Turn on access to mapped drives from app running with elevated permissions with Admin Approval Mode enabled."
                             },
                    "One":  {
                                "Tag":  "Disable",
                                "ToolTip":  "Turn off access to mapped drives from app running with elevated permissions with Admin Approval Mode enabled (default value)."
                            }
                }
    },
    {
        "Id":  509,
        "Region":  "System",
        "Function":  "DeliveryOptimization",
        "Arg":  {
                    "Zero":  {
                                 "Tag":  "Disable",
                                 "ToolTip":  "Turn off Delivery Optimization."
                             },
                    "One":  {
                                "Tag":  "Enable",
                                "ToolTip":  "Turn on Delivery Optimization (default value)."
                            }
                }
    },
    {
        "Id":  510,
        "Region":  "System",
        "Function":  "WaitNetworkStartup",
        "Arg":  {
                    "Zero":  {
                                 "Tag":  "Enable",
                                 "ToolTip":  "Always wait for the network at computer startup and logon for workgroup networks."
                             },
                    "One":  {
                                "Tag":  "Disable",
                                "ToolTip":  "Never wait for the network at computer startup and logon for workgroup networks (default value)."
                            }
                }
    },
    {
        "Id":  511,
        "Region":  "System",
        "Function":  "WindowsManageDefaultPrinter",
        "Arg":  {
                    "Zero":  {
                                 "Tag":  "Disable",
                                 "ToolTip":  "Do not let Windows manage my default printer."
                             },
                    "One":  {
                                "Tag":  "Enable",
                                "ToolTip":  "Let Windows manage my default printer (default value)."
                            }
                }
    },
    {
        "Id":  512,
        "Region":  "System",
        "Function":  "WindowsFeatures",
        "Arg":  {
                    "Zero":  {
                                 "Tag":  "Disable",
                                 "ToolTip":  "Disable the Windows features using the pop-up dialog box."
                             },
                    "One":  {
                                "Tag":  "Enable",
                                "ToolTip":  "Enable the Windows features using the pop-up dialog box (default value)."
                            }
                }
    },
    {
        "Id":  513,
        "Region":  "System",
        "Function":  "WindowsCapabilities",
        "Arg":  {
                    "Zero":  {
                                 "Tag":  "Uninstall",
                                 "ToolTip":  "Uninstall optional features using the pop-up dialog box."
                             },
                    "One":  {
                                "Tag":  "Install",
                                "ToolTip":  "Install optional features using the pop-up dialog box (default value)."
                            }
                }
    },
    {
        "Id":  514,
        "Region":  "System",
        "Function":  "UpdateMicrosoftProducts",
        "Arg":  {
                    "Zero":  {
                                 "Tag":  "Enable",
                                 "ToolTip":  "Receive updates for other Microsoft products when you update Windows."
                             },
                    "One":  {
                                "Tag":  "Disable",
                                "ToolTip":  "Do not receive updates for other Microsoft products when you update Windows (default value)."
                            }
                }
    },
    {
        "Id":  515,
        "Region":  "System",
        "Function":  "PowerPlan",
        "Arg":  {
                    "Zero":  {
                                 "Tag":  "High",
                                 "ToolTip":  "Set power plan on \"High performance\". It isn't recommended to turn on for laptops."
                             },
                    "One":  {
                                "Tag":  "Balanced",
                                "ToolTip":  "Set the power plan on \"Balanced\" (default value)."
                            }
                }
    },
    {
        "Id":  516,
        "Region":  "System",
        "Function":  "LatestInstalled.NET",
        "Arg":  {
                    "Zero":  {
                                 "Tag":  "Enable",
                                 "ToolTip":  "Use the latest installed .NET runtime for all apps."
                             },
                    "One":  {
                                "Tag":  "Disable",
                                "ToolTip":  "Do not use the latest installed .NET runtime for all apps (default value)."
                            }
                }
    },
    {
        "Id":  517,
        "Region":  "System",
        "Function":  "NetworkAdaptersSavePower",
        "Arg":  {
                    "Zero":  {
                                 "Tag":  "Disable",
                                 "ToolTip":  "Do not allow the computer to turn off the network adapters to save power. It isn't recommended to turn off for laptops."
                             },
                    "One":  {
                                "Tag":  "Enable",
                                "ToolTip":  "Allow the computer to turn off the network adapters to save power (default value)."
                            }
                }
    },
    {
        "Id":  518,
        "Region":  "System",
        "Function":  "IPv6Component",
        "Arg":  {
                    "Zero":  {
                                 "Tag":  "Disable",
                                 "ToolTip":  "Disable the Internet Protocol Version 6 (TCP/IPv6) component for all network connections. Before invoking the function, a check will be run whether your ISP supports the IPv6 protocol using https://ipify.org."
                             },
                    "One":  {
                                "Tag":  "Enable",
                                "ToolTip":  "Enable the Internet Protocol Version 6 (TCP/IPv6) component for all network connections (default value). Before invoking the function, a check will be run whether your ISP supports the IPv6 protocol using https://ipify.org."
                            },
                    "Two":  {
                                "Tag":  "PreferIPv4overIPv6",
                                "ToolTip":  "Enable the Internet Protocol Version 6 (TCP/IPv6) component for all network connections. Prefer IPv4 over IPv6. Before invoking the function, a check will be run whether your ISP supports the IPv6 protocol using https://ipify.org."
                            }
                }
    },
    {
        "Id":  519,
        "Region":  "System",
        "Function":  "InputMethod",
        "Arg":  {
                    "Zero":  {
                                 "Tag":  "English",
                                 "ToolTip":  "Override for default input method: English."
                             },
                    "One":  {
                                "Tag":  "Default",
                                "ToolTip":  "Override for default input method: use language list (default value)."
                            }
                }
    },
    {
        "Id":  520,
        "Region":  "System",
        "Function":  "Set-UserShellFolderLocation",
        "Arg":  {
                    "Zero":  {
                                 "Tag":  "Root",
                                 "ToolTip":  "Change user folders location to the root of any drive using the interactive menu. User files or folders won't me moved to a new location. Move them manually. They're located in the %USERPROFILE% folder by default."
                             },
                    "One":  {
                                "Tag":  "Custom",
                                "ToolTip":  "Select folders for user folders location manually using a folder browser dialog. User files or folders won't me moved to a new location. Move them manually. They're located in the %USERPROFILE% folder by default."
                            },
                    "Two":  {
                                "Tag":  "Default",
                                "ToolTip":  "Change user folders location to the default values. User files or folders won't me moved to a new location. Move them manually. They're located in the %USERPROFILE% folder by default (default value)."
                            }
                }
    },
    {
        "Id":  521,
        "Region":  "System",
        "Function":  "WinPrtScrFolder",
        "Arg":  {
                    "Zero":  {
                                 "Tag":  "Desktop",
                                 "ToolTip":  "Save screenshots by pressing Win+PrtScr on the Desktop. The function will be applied only if the preset is configured to remove OneDrive. Otherwise the backup functionality for the \"Desktop\" and \"Pictures\" folders in OneDrive breaks."
                             },
                    "One":  {
                                "Tag":  "Default",
                                "ToolTip":  "Save screenshots by pressing Win+PrtScr in the Pictures folder (default value)."
                            }
                }
    },
    {
        "Id":  522,
        "Region":  "System",
        "Function":  "RecommendedTroubleshooting",
        "Arg":  {
                    "Zero":  {
                                 "Tag":  "Automatically",
                                 "ToolTip":  "Run troubleshooter automatically, then notify. In order this feature to work the OS level of diagnostic data gathering will be set to \"Optional diagnostic data\" and the error reporting feature will be turned on."
                             },
                    "One":  {
                                "Tag":  "Default",
                                "ToolTip":  "Ask me before running troubleshooters. In order this feature to work the OS level of diagnostic data gathering will be set to \"Optional diagnostic data\" and the error reporting feature will be turned on (default value)."
                            }
                }
    },
    {
        "Id":  523,
        "Region":  "System",
        "Function":  "FoldersLaunchSeparateProcess",
        "Arg":  {
                    "Zero":  {
                                 "Tag":  "Enable",
                                 "ToolTip":  "Launch folder windows in a separate process."
                             },
                    "One":  {
                                "Tag":  "Disable",
                                "ToolTip":  "Do not launch folder windows in a separate process (default value)."
                            }
                }
    },
    {
        "Id":  524,
        "Region":  "System",
        "Function":  "ReservedStorage",
        "Arg":  {
                    "Zero":  {
                                 "Tag":  "Disable",
                                 "ToolTip":  "Disable and delete reserved storage after the next update installation."
                             },
                    "One":  {
                                "Tag":  "Enable",
                                "ToolTip":  "Enable reserved storage (default value)."
                            }
                }
    },
    {
        "Id":  525,
        "Region":  "System",
        "Function":  "F1HelpPage",
        "Arg":  {
                    "Zero":  {
                                 "Tag":  "Disable",
                                 "ToolTip":  "Disable help lookup via F1."
                             },
                    "One":  {
                                "Tag":  "Enable",
                                "ToolTip":  "Enable help lookup via F1 (default value)."
                            }
                }
    },
    {
        "Id":  526,
        "Region":  "System",
        "Function":  "NumLock",
        "Arg":  {
                    "Zero":  {
                                 "Tag":  "Enable",
                                 "ToolTip":  "Enable Num Lock at startup."
                             },
                    "One":  {
                                "Tag":  "Disable",
                                "ToolTip":  "Disable Num Lock at startup (default value)."
                            }
                }
    },
    {
        "Id":  527,
        "Region":  "System",
        "Function":  "CapsLock",
        "Arg":  {
                    "Zero":  {
                                 "Tag":  "Disable",
                                 "ToolTip":  "Disable Caps Lock."
                             },
                    "One":  {
                                "Tag":  "Enable",
                                "ToolTip":  "Enable Caps Lock (default value)."
                            }
                }
    },
    {
        "Id":  528,
        "Region":  "System",
        "Function":  "StickyShift",
        "Arg":  {
                    "Zero":  {
                                 "Tag":  "Disable",
                                 "ToolTip":  "Turn off pressing the Shift key 5 times to turn Sticky keys."
                             },
                    "One":  {
                                "Tag":  "Enable",
                                "ToolTip":  "Turn on pressing the Shift key 5 times to turn Sticky keys (default value)."
                            }
                }
    },
    {
        "Id":  529,
        "Region":  "System",
        "Function":  "Autoplay",
        "Arg":  {
                    "Zero":  {
                                 "Tag":  "Disable",
                                 "ToolTip":  "Don't use AutoPlay for all media and devices."
                             },
                    "One":  {
                                "Tag":  "Enable",
                                "ToolTip":  "Use AutoPlay for all media and devices (default value)."
                            }
                }
    },
    {
        "Id":  530,
        "Region":  "System",
        "Function":  "ThumbnailCacheRemoval",
        "Arg":  {
                    "Zero":  {
                                 "Tag":  "Disable",
                                 "ToolTip":  "Disable thumbnail cache removal."
                             },
                    "One":  {
                                "Tag":  "Enable",
                                "ToolTip":  "Enable thumbnail cache removal (default value)."
                            }
                }
    },
    {
        "Id":  531,
        "Region":  "System",
        "Function":  "SaveRestartableApps",
        "Arg":  {
                    "Zero":  {
                                 "Tag":  "Enable",
                                 "ToolTip":  "Enable automatically saving my restartable apps when signing out and restart them after signing in."
                             },
                    "One":  {
                                "Tag":  "Disable",
                                "ToolTip":  "Disable automatically saving my restartable apps when signing out and restart them after signing in (default value)."
                            }
                }
    },
    {
        "Id":  532,
        "Region":  "System",
        "Function":  "NetworkDiscovery",
        "Arg":  {
                    "Zero":  {
                                 "Tag":  "Enable",
                                 "ToolTip":  "Enable \"Network Discovery\" and \"File and Printers Sharing\" for workgroup networks."
                             },
                    "One":  {
                                "Tag":  "Disable",
                                "ToolTip":  "Disable \"Network Discovery\" and \"File and Printers Sharing\" for workgroup networks (default value)."
                            }
                }
    },
    {
        "Id":  533,
        "Region":  "System",
        "Function":  "RestartNotification",
        "Arg":  {
                    "Zero":  {
                                 "Tag":  "Show",
                                 "ToolTip":  "Show a notification when your PC requires a restart to finish updating."
                             },
                    "One":  {
                                "Tag":  "Hide",
                                "ToolTip":  "Do not show a notification when your PC requires a restart to finish updating (default value)."
                            }
                }
    },
    {
        "Id":  534,
        "Region":  "System",
        "Function":  "RestartDeviceAfterUpdate",
        "Arg":  {
                    "Zero":  {
                                 "Tag":  "Enable",
                                 "ToolTip":  "Restart this device as soon as possible when a restart is required to install an update."
                             },
                    "One":  {
                                "Tag":  "Disable",
                                "ToolTip":  "Do not restart this device as soon as possible when a restart is required to install an update (default value)."
                            }
                }
    },
    {
        "Id":  535,
        "Region":  "System",
        "Function":  "ActiveHours",
        "Arg":  {
                    "Zero":  {
                                 "Tag":  "Automatically",
                                 "ToolTip":  "Automatically adjust active hours for me based on daily usage."
                             },
                    "One":  {
                                "Tag":  "Manually",
                                "ToolTip":  "Manually adjust active hours for me based on daily usage (default value)."
                            }
                }
    },
    {
        "Id":  536,
        "Region":  "System",
        "Function":  "WindowsLatestUpdate",
        "Arg":  {
                    "Zero":  {
                                 "Tag":  "Disable",
                                 "ToolTip":  "Do not get Windows updates as soon as they're available for your device (default value)."
                             },
                    "One":  {
                                "Tag":  "Enable",
                                "ToolTip":  "Get Windows updates as soon as they're available for your device."
                            }
                }
    },
    {
        "Id":  537,
        "Region":  "System",
        "Function":  "Export-Associations",
        "Arg":  {
                    "Zero":  {
                                 "Tag":  "",
                                 "ToolTip":  "Export all Windows associations into Application_Associations.json file to script root folder."
                             }
                }
    },
    {
        "Id":  538,
        "Region":  "System",
        "Function":  "Import-Associations",
        "Arg":  {
                    "Zero":  {
                                 "Tag":  "",
                                 "ToolTip":  "Import all Windows associations from an Application_Associations.json file. You need to install all apps according to an exported Application_Associations.json file to restore all associations."
                             }
                }
    },
    {
        "Id":  539,
        "Region":  "System",
        "Function":  "DefaultTerminalApp",
        "Arg":  {
                    "Zero":  {
                                 "Tag":  "WindowsTerminal",
                                 "ToolTip":  "Set Windows Terminal as default terminal app to host the user interface for command-line applications."
                             },
                    "One":  {
                                "Tag":  "ConsoleHost",
                                "ToolTip":  "Set Windows Console Host as default terminal app to host the user interface for command-line applications (default value)."
                            }
                }
    },
    {
        "Id":  540,
        "Region":  "System",
        "Function":  "InstallVCRedist",
        "Arg":  {
                    "Zero":  {
                                 "Tag":  "",
                                 "ToolTip":  "Install the latest Microsoft Visual C++ Redistributable Packages 2015–2022 (x86/x64)."
                             }
                }
    },
    {
        "Id":  541,
        "Region":  "System",
        "Function":  "InstallDotNetRuntimes",
        "Arg":  {
                    "Zero":  {
                                 "Tag":  "",
                                 "ToolTip":  "Install the latest .NET Desktop Runtime 6, 7 (x86/x64)."
                             }
                }
    },
    {
        "Id":  542,
        "Region":  "System",
        "Function":  "RKNBypass",
        "Arg":  {
                    "Zero":  {
                                 "Tag":  "Enable",
                                 "ToolTip":  "Enable proxying only blocked sites from the unified registry of Roskomnadzor. The function is applicable for Russia only."
                             },
                    "One":  {
                                "Tag":  "Disable",
                                "ToolTip":  "Disable proxying only blocked sites from the unified registry of Roskomnadzor (default value)."
                            }
                }
    },
    {
        "Id":  543,
        "Region":  "System",
        "Function":  "Install-WSA",
        "Arg":  {
                    "Zero":  {
                                 "Tag":  "",
                                 "ToolTip":  "Enable all necessary dependencies (reboot may require) and open Microsoft Store WSA page to install Windows Subsystem for Android™ with Amazon Appstore manually."
                             }
                }
    },
    {
        "Id":  544,
        "Region":  "System",
        "Function":  "PreventEdgeShortcutCreation",
        "Arg":  {
                    "Zero":  {
                                 "Tag":  "Channels",
                                 "ToolTip":  "List Microsoft Edge channels to prevent desktop shortcut creation upon its' update."
                             },
                    "One":  {
                                "Tag":  "Disable",
                                "ToolTip":  "Do not prevent desktop shortcut creation upon Microsoft Edge update (default value)."
                            }
                }
    },
    {
        "Id":  545,
        "Region":  "System",
        "Function":  "SATADrivesRemovableMedia",
        "Arg":  {
                    "Zero":  {
                                 "Tag":  "Disable",
                                 "ToolTip":  "Prevent all internal SATA drives from showing up as removable media in the taskbar notification area."
                             },
                    "One":  {
                                "Tag":  "Default",
                                "ToolTip":  "Show up all internal SATA drives as removeable media in the taskbar notification area (default value)."
                            }
                }
    },
    {
        "Id":  600,
        "Region":  "WSL",
        "Function":  "Install-WSL",
        "Arg":  {
                    "Zero":  {
                                 "Tag":  "",
                                 "ToolTip":  "Enable Windows Subsystem for Linux (WSL), install the latest WSL Linux kernel version, and a Linux distribution using a pop-up form. The \"Receive updates for other Microsoft products\" setting will enabled automatically to receive kernel updates."
                             }
                }
    },
    {
        "Id":  700,
        "Region":  "Start menu",
        "Function":  "UnpinAllStartApps",
        "Arg":  {
                    "Zero":  {
                                 "Tag":  "",
                                 "ToolTip":  "Unpin all Start apps."
                             }
                }
    },
    {
        "Id":  701,
        "Region":  "Start menu",
        "Function":  "StartLayout",
        "Arg":  {
                    "Zero":  {
                                 "Tag":  "Default",
                                 "ToolTip":  "Show default Start layout (default value)."
                             },
                    "One":  {
                                "Tag":  "ShowMorePins",
                                "ToolTip":  "Show more pins on Start."
                            },
                    "Two":  {
                                "Tag":  "ShowMoreRecommendations",
                                "ToolTip":  "Show more recommendations on Start."
                            }
                }
    },
    {
        "Id":  800,
        "Region":  "UWP apps",
        "Function":  "UninstallUWPApps",
        "Arg":  {
                    "Zero":  {
                                 "Tag":  "",
                                 "ToolTip":  "Uninstall UWP apps using the pop-up dialog box."
                             }
                }
    },
    {
        "Id":  801,
        "Region":  "UWP apps",
        "Function":  "UninstallUWPApps -ForAllUsers",
        "Arg":  {
                    "Zero":  {
                                 "Tag":  "",
                                 "ToolTip":  "Uninstall UWP apps using the pop-up dialog box. If the \"For all users\" is checked apps packages will not be installed for new users. The \"ForAllUsers\" argument sets a checkbox to unistall packages for all users."
                             }
                }
    },
    {
        "Id":  802,
        "Region":  "UWP apps",
        "Function":  "RestoreUWPApps",
        "Arg":  {
                    "Zero":  {
                                 "Tag":  "",
                                 "ToolTip":  "Restore the default UWP apps using the pop-up dialog box. UWP apps can be restored only if they were uninstalled only for the current user."
                             }
                }
    },
    {
        "Id":  803,
        "Region":  "UWP apps",
        "Function":  "HEVC",
        "Arg":  {
                    "Zero":  {
                                 "Tag":  "Manually",
                                 "ToolTip":  "Open Microsoft Store \"HEVC Video Extensions from Device Manufacturer\" page to install this extension manually to be able to open .heic and .heif image formats. The extension can be installed without an Microsoft account."
                             },
                    "One":  {
                                "Tag":  "Install",
                                "ToolTip":  "Download and install \"HEVC Video Extensions from Device Manufacturer\" to be able to open .heic and .heif formats."
                            }
                }
    },
    {
        "Id":  804,
        "Region":  "UWP apps",
        "Function":  "CortanaAutostart",
        "Arg":  {
                    "Zero":  {
                                 "Tag":  "Disable",
                                 "ToolTip":  "Disable Cortana autostarting."
                             },
                    "One":  {
                                "Tag":  "Enable",
                                "ToolTip":  "Enable Cortana autostarting (default value)."
                            }
                }
    },
    {
        "Id":  805,
        "Region":  "UWP apps",
        "Function":  "TeamsAutostart",
        "Arg":  {
                    "Zero":  {
                                 "Tag":  "Disable",
                                 "ToolTip":  "Disable Microsoft Teams autostarting."
                             },
                    "One":  {
                                "Tag":  "Enable",
                                "ToolTip":  "Enable Microsoft Teams autostarting (default value)."
                            }
                }
    },
    {
        "Id":  900,
        "Region":  "Gaming",
        "Function":  "XboxGameBar",
        "Arg":  {
                    "Zero":  {
                                 "Tag":  "Disable",
                                 "ToolTip":  "Disable Xbox Game Bar. To prevent popping up the \"You'll need a new app to open this ms-gamingoverlay\" warning, you need to disable the Xbox Game Bar app, even if you uninstalled it before."
                             },
                    "One":  {
                                "Tag":  "Enable",
                                "ToolTip":  "Enable Xbox Game Bar (default value)."
                            }
                }
    },
    {
        "Id":  901,
        "Region":  "Gaming",
        "Function":  "XboxGameTips",
        "Arg":  {
                    "Zero":  {
                                 "Tag":  "Disable",
                                 "ToolTip":  "Disable Xbox Game Bar tips."
                             },
                    "One":  {
                                "Tag":  "Enable",
                                "ToolTip":  "Enable Xbox Game Bar tips (default value)."
                            }
                }
    },
    {
        "Id":  902,
        "Region":  "Gaming",
        "Function":  "Set-AppGraphicsPerformance",
        "Arg":  {
                    "Zero":  {
                                 "Tag":  "",
                                 "ToolTip":  "Choose an app and set the \"High performance\" graphics performance for it. Only if you have a dedicated GPU."
                             }
                }
    },
    {
        "Id":  903,
        "Region":  "Gaming",
        "Function":  "GPUScheduling",
        "Arg":  {
                    "Zero":  {
                                 "Tag":  "Enable",
                                 "ToolTip":  "Turn on hardware-accelerated GPU scheduling. Restart needed. Only if you have a dedicated GPU and WDDM verion is 2.7 or higher."
                             },
                    "One":  {
                                "Tag":  "Disable",
                                "ToolTip":  "Turn off hardware-accelerated GPU scheduling. Restart needed (default value)."
                            }
                }
    },
    {
        "Id":  1000,
        "Region":  "Scheduled tasks",
        "Function":  "CleanupTask",
        "Arg":  {
                    "Zero":  {
                                 "Tag":  "Register",
                                 "ToolTip":  "Create the \"Windows Cleanup\" scheduled task for cleaning up Windows unused files and updates. A native interactive toast notification pops up every 30 days. You have to enable Windows Script Host in order to make the function work."
                             },
                    "One":  {
                                "Tag":  "Delete",
                                "ToolTip":  "Delete the \"Windows Cleanup\" and \"Windows Cleanup Notification\" scheduled tasks for cleaning up Windows unused files and updates."
                            }
                }
    },
    {
        "Id":  1001,
        "Region":  "Scheduled tasks",
        "Function":  "SoftwareDistributionTask",
        "Arg":  {
                    "Zero":  {
                                 "Tag":  "Register",
                                 "ToolTip":  "Create the \"SoftwareDistribution\" scheduled task for cleaning up the %SystemRoot%\\SoftwareDistribution\\Download folder. The task will wait until the Windows Updates service finishes running. The task runs every 90 days. You have to enable Windows Script Host in order to make the function work"
                             },
                    "One":  {
                                "Tag":  "Delete",
                                "ToolTip":  "Delete the \"SoftwareDistribution\" scheduled task for cleaning up the %SystemRoot%\\SoftwareDistribution\\Download folder."
                            }
                }
    },
    {
        "Id":  1002,
        "Region":  "Scheduled tasks",
        "Function":  "TempTask",
        "Arg":  {
                    "Zero":  {
                                 "Tag":  "Register",
                                 "ToolTip":  "Create the \"Temp\" scheduled task for cleaning up the %TEMP% folder. Only files older than one day will be deleted. The task runs every 60 days. You have to enable Windows Script Host in order to make the function work"
                             },
                    "One":  {
                                "Tag":  "Delete",
                                "ToolTip":  "Delete the \"Temp\" scheduled task for cleaning up the %TEMP% folder."
                            }
                }
    },
    {
        "Id":  1100,
        "Region":  "Microsoft Defender & Security",
        "Function":  "NetworkProtection",
        "Arg":  {
                    "Zero":  {
                                 "Tag":  "Enable",
                                 "ToolTip":  "Enable Microsoft Defender Exploit Guard network protection."
                             },
                    "One":  {
                                "Tag":  "Disable",
                                "ToolTip":  "Disable Microsoft Defender Exploit Guard network protection (default value)."
                            }
                }
    },
    {
        "Id":  1101,
        "Region":  "Microsoft Defender & Security",
        "Function":  "PUAppsDetection",
        "Arg":  {
                    "Zero":  {
                                 "Tag":  "Enable",
                                 "ToolTip":  "Enable detection for potentially unwanted applications and block them."
                             },
                    "One":  {
                                "Tag":  "Disable",
                                "ToolTip":  "Disable detection for potentially unwanted applications and block them (default value)."
                            }
                }
    },
    {
        "Id":  1102,
        "Region":  "Microsoft Defender & Security",
        "Function":  "DismissMSAccount",
        "Arg":  {
                    "Zero":  {
                                 "Tag":  "",
                                 "ToolTip":  "Dismiss Microsoft Defender offer in the Windows Security about signing in Microsoft account."
                             }
                }
    },
    {
        "Id":  1103,
        "Region":  "Microsoft Defender & Security",
        "Function":  "DismissSmartScreenFilter",
        "Arg":  {
                    "Zero":  {
                                 "Tag":  "",
                                 "ToolTip":  "Dismiss Microsoft Defender offer in the Windows Security about turning on the SmartScreen filter for Microsoft Edge."
                             }
                }
    },
    {
        "Id":  1104,
        "Region":  "Microsoft Defender & Security",
        "Function":  "AuditProcess",
        "Arg":  {
                    "Zero":  {
                                 "Tag":  "Enable",
                                 "ToolTip":  "Enable events auditing generated when a process is created (starts)."
                             },
                    "One":  {
                                "Tag":  "Disable",
                                "ToolTip":  "Disable events auditing generated when a process is created (starts) (default value)."
                            }
                }
    },
    {
        "Id":  1105,
        "Region":  "Microsoft Defender & Security",
        "Function":  "CommandLineProcessAudit",
        "Arg":  {
                    "Zero":  {
                                 "Tag":  "Enable",
                                 "ToolTip":  "Include command line in process creation events. In order this feature to work events auditing (ProcessAudit -Enable) will be enabled."
                             },
                    "One":  {
                                "Tag":  "Disable",
                                "ToolTip":  "Do not include command line in process creation events (default value)."
                            }
                }
    },
    {
        "Id":  1106,
        "Region":  "Microsoft Defender & Security",
        "Function":  "EventViewerCustomView",
        "Arg":  {
                    "Zero":  {
                                 "Tag":  "Enable",
                                 "ToolTip":  "Create the \"Process Creation\" Event Viewer сustom view to log executed processes and their arguments. In order this feature to work events auditing (AuditProcess -Enable) and command line (CommandLineProcessAudit -Enable) in process creation events will be enabled."
                             },
                    "One":  {
                                "Tag":  "Disable",
                                "ToolTip":  "Remove \"Process Creation\" Event Viewer сustom view to log executed processes and their arguments (default value)."
                            }
                }
    },
    {
        "Id":  1107,
        "Region":  "Microsoft Defender & Security",
        "Function":  "PowerShellModulesLogging",
        "Arg":  {
                    "Zero":  {
                                 "Tag":  "Enable",
                                 "ToolTip":  "Enable logging for all Windows PowerShell modules."
                             },
                    "One":  {
                                "Tag":  "Disable",
                                "ToolTip":  "Disable logging for all Windows PowerShell modules (default value)."
                            }
                }
    },
    {
        "Id":  1108,
        "Region":  "Microsoft Defender & Security",
        "Function":  "PowerShellScriptsLogging",
        "Arg":  {
                    "Zero":  {
                                 "Tag":  "Enable",
                                 "ToolTip":  "Enable logging for all PowerShell scripts input to the Windows PowerShell event log."
                             },
                    "One":  {
                                "Tag":  "Disable",
                                "ToolTip":  "Disable logging for all PowerShell scripts input to the Windows PowerShell event log (default value)."
                            }
                }
    },
    {
        "Id":  1109,
        "Region":  "Microsoft Defender & Security",
        "Function":  "AppsSmartScreen",
        "Arg":  {
                    "Zero":  {
                                 "Tag":  "Disable",
                                 "ToolTip":  "Microsoft Defender SmartScreen doesn't marks downloaded files from the Internet as unsafe."
                             },
                    "One":  {
                                "Tag":  "Enable",
                                "ToolTip":  "Microsoft Defender SmartScreen marks downloaded files from the Internet as unsafe (default value)."
                            }
                }
    },
    {
        "Id":  1110,
        "Region":  "Microsoft Defender & Security",
        "Function":  "SaveZoneInformation",
        "Arg":  {
                    "Zero":  {
                                 "Tag":  "Disable",
                                 "ToolTip":  "Disable the Attachment Manager marking files that have been downloaded from the Internet as unsafe."
                             },
                    "One":  {
                                "Tag":  "Enable",
                                "ToolTip":  "Enable the Attachment Manager marking files that have been downloaded from the Internet as unsafe (default value)."
                            }
                }
    },
    {
        "Id":  1111,
        "Region":  "Microsoft Defender & Security",
        "Function":  "WindowsScriptHost",
        "Arg":  {
                    "Zero":  {
                                 "Tag":  "Disable",
                                 "ToolTip":  "Disable Windows Script Host. Blocks WSH from executing .js and .vbs files."
                             },
                    "One":  {
                                "Tag":  "Enable",
                                "ToolTip":  "Enable Windows Script Host (default value)."
                            }
                }
    },
    {
        "Id":  1112,
        "Region":  "Microsoft Defender & Security",
        "Function":  "WindowsSandbox",
        "Arg":  {
                    "Zero":  {
                                 "Tag":  "Enable",
                                 "ToolTip":  "Enable Windows Sandbox."
                             },
                    "One":  {
                                "Tag":  "Disable",
                                "ToolTip":  "Disable Windows Sandbox (default value)."
                            }
                }
    },
    {
        "Id":  1113,
        "Region":  "Microsoft Defender & Security",
        "Function":  "DNSoverHTTPS",
        "Arg":  {
                    "Zero":  {
                                 "Tag":  "Enable",
                                 "ToolTip":  "Enable DNS-over-HTTPS for IPv4. The valid IPv4 addresses: 1.0.0.1, 1.1.1.1, 149.112.112.112, 8.8.4.4, 8.8.8.8, 9.9.9.9."
                             },
                    "One":  {
                                "Tag":  "Disable",
                                "ToolTip":  "Disable DNS-over-HTTPS for IPv4 (default value)."
                            }
                }
    },
    {
        "Id":  1114,
        "Region":  "Microsoft Defender & Security",
        "Function":  "LocalSecurityAuthority",
        "Arg":  {
                    "Zero":  {
                                 "Tag":  "Enable",
                                 "ToolTip":  "Enable Local Security Authority protection to prevent code injection."
                             },
                    "One":  {
                                "Tag":  "Disable",
                                "ToolTip":  "Disable Local Security Authority protection (default value)."
                            }
                }
    },
    {
        "Id":  1200,
        "Region":  "Context menu",
        "Function":  "MSIExtractContext",
        "Arg":  {
                    "Zero":  {
                                 "Tag":  "Show",
                                 "ToolTip":  "Show the \"Extract all\" item in the Windows Installer (.msi) context menu."
                             },
                    "One":  {
                                "Tag":  "Hide",
                                "ToolTip":  "Hide the \"Extract all\" item from the Windows Installer (.msi) context menu (default value)."
                            }
                }
    },
    {
        "Id":  1201,
        "Region":  "Context menu",
        "Function":  "CABInstallContext",
        "Arg":  {
                    "Zero":  {
                                 "Tag":  "Show",
                                 "ToolTip":  "Show the \"Install\" item in the Cabinet (.cab) filenames extensions context menu."
                             },
                    "One":  {
                                "Tag":  "Hide",
                                "ToolTip":  "Hide the \"Install\" item from the Cabinet (.cab) filenames extensions context menu (default value)."
                            }
                }
    },
    {
        "Id":  1202,
        "Region":  "Context menu",
        "Function":  "RunAsDifferentUserContext",
        "Arg":  {
                    "Zero":  {
                                 "Tag":  "Show",
                                 "ToolTip":  "Show the \"Run as different user\" item to the .exe filename extensions context menu."
                             },
                    "One":  {
                                "Tag":  "Hide",
                                "ToolTip":  "Hide the \"Run as different user\" item from the .exe filename extensions context menu (default value)."
                            }
                }
    },
    {
        "Id":  1203,
        "Region":  "Context menu",
        "Function":  "CastToDeviceContext",
        "Arg":  {
                    "Zero":  {
                                 "Tag":  "Hide",
                                 "ToolTip":  "Hide the \"Cast to Device\" item from the media files and folders context menu."
                             },
                    "One":  {
                                "Tag":  "Show",
                                "ToolTip":  "Show the \"Cast to Device\" item in the media files and folders context menu (default value)."
                            }
                }
    },
    {
        "Id":  1204,
        "Region":  "Context menu",
        "Function":  "ShareContext",
        "Arg":  {
                    "Zero":  {
                                 "Tag":  "Hide",
                                 "ToolTip":  "Hide the \"Share\" item from the context menu."
                             },
                    "One":  {
                                "Tag":  "Show",
                                "ToolTip":  "Show the \"Share\" item in the context menu (default value)."
                            }
                }
    },
    {
        "Id":  1205,
        "Region":  "Context menu",
        "Function":  "EditWithClipchampContext",
        "Arg":  {
                    "Zero":  {
                                 "Tag":  "Hide",
                                 "ToolTip":  "Hide the \"Edit with Clipchamp\" item from the media files context menu."
                             },
                    "One":  {
                                "Tag":  "Show",
                                "ToolTip":  "Show the \"Edit with Clipchamp\" item in the media files context menu (default value)."
                            }
                }
    },
    {
        "Id":  1206,
        "Region":  "Context menu",
        "Function":  "PrintCMDContext",
        "Arg":  {
                    "Zero":  {
                                 "Tag":  "Hide",
                                 "ToolTip":  "Hide the \"Print\" item from the .bat and .cmd context menu."
                             },
                    "One":  {
                                "Tag":  "Show",
                                "ToolTip":  "Show the \"Print\" item in the .bat and .cmd context menu (default value)."
                            }
                }
    },
    {
        "Id":  1207,
        "Region":  "Context menu",
        "Function":  "IncludeInLibraryContext",
        "Arg":  {
                    "Zero":  {
                                 "Tag":  "Hide",
                                 "ToolTip":  "Hide the \"Include in Library\" item from the folders and drives context menu."
                             },
                    "One":  {
                                "Tag":  "Show",
                                "ToolTip":  "Show the \"Include in Library\" item in the folders and drives context menu (default value)."
                            }
                }
    },
    {
        "Id":  1208,
        "Region":  "Context menu",
        "Function":  "SendToContext",
        "Arg":  {
                    "Zero":  {
                                 "Tag":  "Hide",
                                 "ToolTip":  "Hide the \"Send to\" item from the folders context menu."
                             },
                    "One":  {
                                "Tag":  "Show",
                                "ToolTip":  "Show the \"Send to\" item in the folders context menu (default value)."
                            }
                }
    },
    {
        "Id":  1209,
        "Region":  "Context menu",
        "Function":  "CompressedFolderNewContext",
        "Arg":  {
                    "Zero":  {
                                 "Tag":  "Hide",
                                 "ToolTip":  "Hide the \"Compressed (zipped) Folder\" item from the \"New\" context menu."
                             },
                    "One":  {
                                "Tag":  "Show",
                                "ToolTip":  "Show the \"Compressed (zipped) Folder\" item to the \"New\" context menu (default value)."
                            }
                }
    },
    {
        "Id":  1210,
        "Region":  "Context menu",
        "Function":  "MultipleInvokeContext",
        "Arg":  {
                    "Zero":  {
                                 "Tag":  "Enable",
                                 "ToolTip":  "Enable the \"Open\", \"Print\", and \"Edit\" context menu items for more than 15 items selected."
                             },
                    "One":  {
                                "Tag":  "Disable",
                                "ToolTip":  "Disable the \"Open\", \"Print\", and \"Edit\" context menu items for more than 15 items selected (default value)."
                            }
                }
    },
    {
        "Id":  1211,
        "Region":  "Context menu",
        "Function":  "UseStoreOpenWith",
        "Arg":  {
                    "Zero":  {
                                 "Tag":  "Hide",
                                 "ToolTip":  "Hide the \"Look for an app in the Microsoft Store\" item in the \"Open with\" dialog."
                             },
                    "One":  {
                                "Tag":  "Show",
                                "ToolTip":  "Show the \"Look for an app in the Microsoft Store\" item in the \"Open with\" dialog (default value)."
                            }
                }
    },
    {
        "Id":  1212,
        "Region":  "Context menu",
        "Function":  "OpenWindowsTerminalContext",
        "Arg":  {
                    "Zero":  {
                                 "Tag":  "Hide",
                                 "ToolTip":  "Hide the \"Open in Windows Terminal\" menu option in the folders context menu."
                             },
                    "One":  {
                                "Tag":  "Show",
                                "ToolTip":  "Show the \"Open in Windows Terminal\" menu option in the folders context menu (default value)."
                            }
                }
    },
    {
        "Id":  1213,
        "Region":  "Context menu",
        "Function":  "OpenWindowsTerminalAdminContext",
        "Arg":  {
                    "Zero":  {
                                 "Tag":  "Enable",
                                 "ToolTip":  "Open Windows Terminal in context menu as administrator by default."
                             },
                    "One":  {
                                "Tag":  "Disable",
                                "ToolTip":  "Do not open Windows Terminal in context menu as administrator by default (default value)."
                            }
                }
    },
    {
        "Id":  1214,
        "Region":  "Context menu",
        "Function":  "Windows10ContextMenu",
        "Arg":  {
                    "Zero":  {
                                 "Tag":  "Disable",
                                 "ToolTip":  "Disable the Windows 10 context menu style (default value)."
                             },
                    "One":  {
                                "Tag":  "Enable",
                                "ToolTip":  "Enable the Windows 10 context menu style"
                            }
                }
    },
    {
        "Id":  1300,
        "Region":  "Update Policies",
        "Function":  "UpdateLGPEPolicies",
        "Arg":  {
                    "Zero":  {
                                 "Tag":  "",
                                 "ToolTip":  "Display all policy registry keys (even manually created ones) in the Local Group Policy Editor snap-in (gpedit.msc). This can take up to 30 minutes, depending on on the number of policies created in the registry and your system resources."
                             }
                }
    }
]
