{
  "Warning": "Предупреждение",
  "Checks": "Проверки",
  "Disable": "Выключить",
  "Enable": "Включить",
  "None": "Пропустить",
  "Minimal": "Минимальный",
  "Default": "По умолчанию",
  "Never": "Никогда",
  "Hide": "Скрывать",
  "Show": "Показывать",
  "ThisPC": "Этот Компьютер",
  "QuickAccess": "Быстрый доступ",
  "Detailed": "Развернутый вид",
  "Compact": "Свернутый вид",
  "Expanded": "Развернуть",
  "Minimized": "Свернуть",
  "SearchIcon": "Значок поиска",
  "SearchBox": "Поисковая строка",
  "LargeIcons": "Большие иконки",
  "SmallIcons": "Маленькие иконки",
  "Category": "Категория",
  "Dark": "Тёмный",
  "Light": "Светлый",
  "Max": "Максимальный",
  "Uninstall": "Удалить",
  "Install": "Установить",
  "Month": "Ежемесячно",
  "SystemDrive": "Системный диск",
  "High": "Высокая производительность",
  "Balanced": "Сбалансированная",
  "English": "Английский",
  "Root": "В корень",
  "Custom": "Настраиваемый",
  "Desktop": "Рабочий стол",
  "Automatically": "Автоматически",
  "Manually": "Вручную",
  "Elevated": "От имени Администратора",
  "NonElevated": "От имени пользователя",
  "Register": "Создать",
  "Delete": "Удалить",
  "Left": "Слева",
  "Center": "По центру",
  "WindowsTerminal": "Windows Терминал",
  "ConsoleHost": "Узел консоли Windows",
  "Channels": "Каналы"
}
